[
  {
    "model": "theatre.actor",
    "pk": 1,
    "fields": {
      "first_name": "John",
      "last_name": "Doe"
    }
  },
  {
    "model": "theatre.actor",
    "pk": 2,
    "fields": {
      "first_name": "Jane",
      "last_name": "Smith"
    }
  },
  {
    "model": "theatre.actor",
    "pk": 3,
    "fields": {
      "first_name": "Robert",
      "last_name": "Johnson"
    }
  },
  {
    "model": "theatre.actor",
    "pk": 4,
    "fields": {
      "first_name": "Emily",
      "last_name": "Davis"
    }
  },
  {
    "model": "theatre.actor",
    "pk": 5,
    "fields": {
      "first_name": "Michael",
      "last_name": "Brown"
    }
  },
  {
    "model": "theatre.actor",
    "pk": 6,
    "fields": {
      "first_name": "Sarah",
      "last_name": "Miller"
    }
  },
  {
    "model": "theatre.actor",
    "pk": 7,
    "fields": {
      "first_name": "David",
      "last_name": "Wilson"
    }
  },
  {
    "model": "theatre.actor",
    "pk": 8,
    "fields": {
      "first_name": "Laura",
      "last_name": "Moore"
    }
  },
  {
    "model": "theatre.actor",
    "pk": 9,
    "fields": {
      "first_name": "James",
      "last_name": "Taylor"
    }
  },
  {
    "model": "theatre.actor",
    "pk": 10,
    "fields": {
      "first_name": "Anna",
      "last_name": "Anderson"
    }
  },
  {
    "model": "theatre.actor",
    "pk": 11,
    "fields": {
      "first_name": "Chris",
      "last_name": "Thomas"
    }
  },
  {
    "model": "theatre.actor",
    "pk": 12,
    "fields": {
      "first_name": "Sophie",
      "last_name": "Jackson"
    }
  },
  {
    "model": "theatre.actor",
    "pk": 13,
    "fields": {
      "first_name": "Liam",
      "last_name": "White"
    }
  },
  {
    "model": "theatre.actor",
    "pk": 14,
    "fields": {
      "first_name": "Olivia",
      "last_name": "Martin"
    }
  },
  {
    "model": "theatre.actor",
    "pk": 15,
    "fields": {
      "first_name": "Lucas",
      "last_name": "Garcia"
    }
  },
  {
    "model": "theatre.genre",
    "pk": 1,
    "fields": {
      "name": "Comedy"
    }
  },
  {
    "model": "theatre.genre",
    "pk": 2,
    "fields": {
      "name": "Drama"
    }
  },
  {
    "model": "theatre.genre",
    "pk": 3,
    "fields": {
      "name": "Musical"
    }
  },
  {
    "model": "theatre.genre",
    "pk": 4,
    "fields": {
      "name": "Tragedy"
    }
  },
  {
    "model": "theatre.genre",
    "pk": 5,
    "fields": {
      "name": "Thriller"
    }
  },
  {
    "model": "theatre.genre",
    "pk": 6,
    "fields": {
      "name": "Romantic Comedy"
    }
  },
  {
    "model": "theatre.genre",
    "pk": 7,
    "fields": {
      "name": "Opera"
    }
  },
  {
    "model": "theatre.genre",
    "pk": 8,
    "fields": {
      "name": "Historical"
    }
  },
  {
    "model": "theatre.genre",
    "pk": 9,
    "fields": {
      "name": "Fantasy"
    }
  },
  {
    "model": "theatre.genre",
    "pk": 10,
    "fields": {
      "name": "Horror"
    }
  },
 {
    "model": "theatre.play",
    "pk": 1,
    "fields": {
      "title": "The Importance of Being Earnest",
      "description": "A trivial comedy for serious people.",
      "actors": [1, 2],
      "genres": [1, 2]
    }
  },
  {
    "model": "theatre.play",
    "pk": 2,
    "fields": {
      "title": "Hamlet",
      "description": "A tragedy written by William Shakespeare.",
      "actors": [3, 4],
      "genres": [2, 4]
    }
  },
  {
    "model": "theatre.play",
    "pk": 3,
    "fields": {
      "title": "A Midsummer Night's Dream",
      "description": "A comedyplay by Shakespeare.",
      "actors": [5, 6],
      "genres": [1, 3]
    }
  },
  {
    "model": "theatre.play",
    "pk": 4,
    "fields": {
      "title": "Les Misérables",
      "description": "A musical adaptation of the Victor Hugo novel.",
      "actors": [7, 8],
      "genres": [3]
    }
  },
  {
    "model": "theatre.play",
    "pk": 5,
    "fields": {
      "title": "The Phantom of the Opera",
      "description": "A musical with a love triangle and haunting melody.",
      "actors": [9, 10],
      "genres": [3, 5]
    }
  },
  {
    "model": "theatre.play",
    "pk": 6,
    "fields": {
      "title": "Macbeth",
      "description": "A tragedy about ambition and fate.",
      "actors": [11, 12],
      "genres": [4, 2]
    }
  },
  {
    "model": "theatre.play",
    "pk": 7,
    "fields": {
      "title": "Romeo and Juliet",
      "description": "A tragic love story by Shakespeare.",
      "actors": [13, 14],
      "genres": [4, 6]
    }
  },
  {
    "model": "theatre.play",
    "pk": 8,
    "fields": {
      "title": "Cats",
      "description": "A musical about a tribe of cats.",
      "actors": [15, 1],
      "genres": [3]
    }
  },
  {
    "model": "theatre.play",
    "pk": 9,
    "fields": {
      "title": "Othello",
      "description": "A tragedy focusing on jealousy and betrayal.",
      "actors": [2, 3],
      "genres": [4, 2]
    }
  },
  {
    "model": "theatre.play",
    "pk": 10,
    "fields": {
      "title": "The Lion King",
      "description": "A musical adaptation of the animated movie.",
      "actors": [4, 5],
      "genres": [3, 7]
    }
  },
  {
    "model": "theatre.theatrehall",
    "pk": 1,
    "fields": {
      "name": "Main Hall",
      "rows": 20,
      "seats_in_row": 30
    }
  },
  {
    "model": "theatre.theatrehall",
    "pk": 2,
    "fields": {
      "name": "Black Box",
      "rows": 10,
      "seats_in_row": 15
    }
  },
  {
    "model": "theatre.theatrehall",
    "pk": 3,
    "fields": {
      "name": "Studio Theatre",
      "rows": 15,
      "seats_in_row": 20
    }
  },
  {
    "model": "theatre.theatrehall",
    "pk": 4,
    "fields": {
      "name": "Open-Air Theatre",
      "rows": 25,
      "seats_in_row": 40
    }
  },
  {
    "model": "theatre.theatrehall",
    "pk": 5,
    "fields": {
      "name": "Experimental Stage",
      "rows": 8,
      "seats_in_row": 10
    }
  },
  {
    "model": "theatre.performance",
    "pk": 1,
    "fields": {
      "play": 1,
      "theatre_hall": 1,
      "show_time": "2024-10-25T19:00:00Z"
    }
  },
  {
    "model": "theatre.performance",
    "pk": 2,
    "fields": {
      "play": 2,
      "theatre_hall": 2,
      "show_time": "2024-10-30T20:00:00Z"
    }
  },
  {
    "model": "theatre.performance",
    "pk": 3,
    "fields": {
      "play": 3,
      "theatre_hall": 3,
      "show_time": "2024-11-05T18:30:00Z"
    }
  },
  {
    "model": "theatre.performance",
    "pk": 4,
    "fields": {
      "play": 4,
      "theatre_hall": 4,
      "show_time": "2024-11-10T20:00:00Z"
    }
  },
  {
    "model": "theatre.performance",
    "pk": 5,
    "fields": {
      "play": 5,
      "theatre_hall": 5,
      "show_time": "2024-11-15T19:00:00Z"
    }
  },
  {
    "model": "theatre.performance",
    "pk": 6,
    "fields": {
      "play": 6,
      "theatre_hall": 1,
      "show_time": "2024-11-20T19:30:00Z"
    }
  },
  {
    "model": "theatre.performance",
    "pk": 7,
    "fields": {
      "play": 7,
      "theatre_hall": 2,
      "show_time": "2024-11-25T18:00:00Z"
    }
  },
  {
    "model": "theatre.performance",
    "pk": 8,
    "fields": {
      "play": 8,
      "theatre_hall": 3,
      "show_time": "2024-11-30T19:00:00Z"
    }
  },
  {
    "model": "theatre.performance",
    "pk": 9,
    "fields": {
      "play": 9,
      "theatre_hall": 4,
      "show_time": "2024-12-05T19:30:00Z"
    }
  },
  {
    "model": "theatre.performance",
    "pk": 10,
    "fields": {
      "play": 10,
      "theatre_hall": 5,
      "show_time": "2024-12-10T20:00:00Z"
    }
  },
  {
    "model": "theatre.reservation",
    "pk": 1,
    "fields": {
      "created_at": "2024-10-10T14:30:00Z",
      "user": 1
    }
  },
  {
    "model": "theatre.reservation",
    "pk": 2,
    "fields": {
      "created_at": "2024-10-10T15:00:00Z",
      "user": 1
    }
  },
  {
    "model": "theatre.reservation",
    "pk": 3,
    "fields": {
      "created_at": "2024-10-11T10:00:00Z",
      "user": 1
    }
  },
  {
    "model": "theatre.reservation",
    "pk": 4,
    "fields": {
      "created_at": "2024-10-11T10:30:00Z",
      "user": 1
    }
  },
  {
    "model": "theatre.reservation",
    "pk": 5,
    "fields": {
      "created_at": "2024-10-11T11:00:00Z",
      "user": 1
    }
  },
  {
    "model": "theatre.reservation",
    "pk": 6,
    "fields": {
      "created_at": "2024-10-11T12:00:00Z",
      "user": 1
    }
  },
  {
    "model": "theatre.reservation",
    "pk": 7,
    "fields": {
      "created_at": "2024-10-11T12:30:00Z",
      "user": 1
    }
  },
  {
    "model": "theatre.reservation",
    "pk": 8,
    "fields": {
      "created_at": "2024-10-11T13:00:00Z",
      "user": 1
    }
  },
  {
    "model": "theatre.reservation",
    "pk": 9,
    "fields": {
      "created_at": "2024-10-11T13:30:00Z",
      "user": 1
    }
  },
  {
    "model": "theatre.reservation",
    "pk": 10,
    "fields": {
      "created_at": "2024-10-11T14:00:00Z",
      "user": 1
    }
  },
  {
    "model": "theatre.ticket",
    "pk": 1,
    "fields": {
      "row": 5,
      "seat": 10,
      "performance": 1,
      "reservation": 1
    }
  },
  {
    "model": "theatre.ticket",
    "pk": 2,
    "fields": {
      "row": 6,
      "seat": 12,
      "performance": 2,
      "reservation": 2
    }
  },
  {
    "model": "theatre.ticket",
    "pk": 3,
    "fields": {
      "row": 7,
      "seat": 14,
      "performance": 3,
      "reservation": 3
    }
  },
  {
    "model": "theatre.ticket",
    "pk": 4,
    "fields": {
      "row": 8,
      "seat": 16,
      "performance": 4,
      "reservation": 4
    }
  },
  {
    "model": "theatre.ticket",
    "pk": 5,
    "fields": {
      "row": 9,
      "seat": 18,
      "performance": 5,
      "reservation": 5
    }
  },
  {
    "model": "theatre.ticket",
    "pk": 6,
    "fields": {
      "row": 10,
      "seat": 20,
      "performance": 6,
      "reservation": 6
    }
  },
  {
    "model": "theatre.ticket",
    "pk": 7,
    "fields": {
      "row": 11,
      "seat": 22,
      "performance": 7,
      "reservation": 7
    }
  },
  {
    "model": "theatre.ticket",
    "pk": 8,
    "fields": {
      "row": 12,
      "seat": 24,
      "performance": 8,
      "reservation": 8
    }
  },
  {
    "model": "theatre.ticket",
    "pk": 9,
    "fields": {
      "row": 13,
      "seat": 26,
      "performance": 9,
      "reservation": 9
    }
  },
  {
    "model": "theatre.ticket",
    "pk": 10,
    "fields": {
      "row": 14,
      "seat": 28,
      "performance": 10,
      "reservation": 10
    }
  }
]
